{"cameraMode":{"drawMode":0,"name":"Shaded","section":"Shading Mode"},"sceneLighting":true,"audioPlay":false,"sceneViewState":{"showFog":true,"showMaterialUpdate":false,"showSkybox":true,"showFlares":true,"showImageEffects":true,"showParticleSystems":true},"in2DMode":false,"pivot":{"x":-6.572800159454346,"y":0.7200000882148743,"z":8.636799812316895},"rotation":{"x":0.2273283451795578,"y":-0.41965460777282717,"z":0.10936537384986878,"w":0.8720195889472961},"size":2.5994834899902345,"orthographic":true}