{"cameraMode":{"drawMode":0,"name":"Shaded","section":"Shading Mode"},"sceneLighting":false,"audioPlay":false,"sceneViewState":{"showFog":true,"showMaterialUpdate":false,"showSkybox":false,"showFlares":true,"showImageEffects":true,"showParticleSystems":true},"in2DMode":false,"pivot":{"x":0.46480000019073489,"y":0.025700001046061517,"z":-0.0009999917820096017},"rotation":{"x":0.20953094959259034,"y":-0.08096867054700852,"z":0.017747994512319566,"w":0.9747201204299927},"size":0.067955881357193,"orthographic":false}