{"cameraMode":{"drawMode":0,"name":"Shaded","section":"Shading Mode"},"sceneLighting":false,"audioPlay":false,"sceneViewState":{"showFog":true,"showMaterialUpdate":false,"showSkybox":true,"showFlares":true,"showImageEffects":true,"showParticleSystems":true},"in2DMode":false,"pivot":{"x":0.32429200410842898,"y":-0.0021977871656417848,"z":1.227158784866333},"rotation":{"x":0.08183756470680237,"y":-0.0026717751752585174,"z":0.002898934530094266,"w":0.9969214200973511},"size":0.7134515643119812,"orthographic":false}