{"cameraMode":{"drawMode":0,"name":"Shaded","section":"Shading Mode"},"sceneLighting":true,"audioPlay":false,"sceneViewState":{"showFog":true,"showMaterialUpdate":false,"showSkybox":true,"showFlares":true,"showImageEffects":true,"showParticleSystems":true},"in2DMode":false,"pivot":{"x":-32.728912353515628,"y":-1.3967304229736329,"z":27.53498077392578},"rotation":{"x":0.037868812680244449,"y":0.6634815335273743,"z":0.033663831651210788,"w":-0.7464834451675415},"size":10.0,"orthographic":false}